drug_id,type,title,provided_by_manufacturer,source_url,updated_at
3,Bioekvivalentlik tadqiqoti,Amlozar 5 mg — original preparat bilan bioekvivalentlik hisoboti (xulosa),1,https://www.uzpharm-control.uz/en/pages/state-register-of-medicines-and-medical-products,2026-08-15
4,Bioekvivalentlik tadqiqoti,Tumlodip 5 mg — original preparat bilan bioekvivalentlik hisoboti (xulosa),1,https://www.uzpharm-control.uz/en/pages/state-register-of-medicines-and-medical-products,2026-08-15
7,Bioekvivalentlik tadqiqoti,Zarmetin 850 mg — original preparat bilan bioekvivalentlik hisoboti (xulosa),1,https://www.uzpharm-control.uz/en/pages/state-register-of-medicines-and-medical-products,2026-08-15
11,Bioekvivalentlik tadqiqoti,Registan-Losartan 50 mg — original preparat bilan bioekvivalentlik hisoboti (xulosa),1,https://www.uzpharm-control.uz/en/pages/state-register-of-medicines-and-medical-products,2026-08-15
14,Bioekvivalentlik tadqiqoti,Tumastatin 20 mg — original preparat bilan bioekvivalentlik hisoboti (xulosa),1,https://www.uzpharm-control.uz/en/pages/state-register-of-medicines-and-medical-products,2026-08-15
17,Bioekvivalentlik tadqiqoti,Zarbisol 5 mg — original preparat bilan bioekvivalentlik hisoboti (xulosa),1,https://www.uzpharm-control.uz/en/pages/state-register-of-medicines-and-medical-products,2026-08-15
22,Eritilish (dissolution) testi,Tumeprazol — qiyosiy eritilish profili,1,https://www.uzpharm-control.uz/en/pages/state-register-of-medicines-and-medical-products,2026-07-20
25,Eritilish (dissolution) testi,Zaramoks — qiyosiy eritilish profili,1,https://www.uzpharm-control.uz/en/pages/state-register-of-medicines-and-medical-products,2026-07-20
27,Eritilish (dissolution) testi,Tumaparol — qiyosiy eritilish profili,1,https://www.uzpharm-control.uz/en/pages/state-register-of-medicines-and-medical-products,2026-07-20
28,Eritilish (dissolution) testi,Zarparol — qiyosiy eritilish profili,1,https://www.uzpharm-control.uz/en/pages/state-register-of-medicines-and-medical-products,2026-07-20
30,Bioekvivalentlik tadqiqoti,Tumatirox 50 mkg — original preparat bilan bioekvivalentlik hisoboti (xulosa),1,https://www.uzpharm-control.uz/en/pages/state-register-of-medicines-and-medical-products,2026-08-15
