drug_id,registry_number,registered_on,status,source_url,updated_at
1,DV/X-DEMO-2001,2021-03-16,amalda,https://www.uzpharm-control.uz/en/pages/state-register-of-medicines-and-medical-products,2026-09-01
2,DV/X-DEMO-2002,2024-01-11,amalda,https://www.uzpharm-control.uz/en/pages/state-register-of-medicines-and-medical-products,2026-09-01
3,DV/X-DEMO-2003,2025-09-11,amalda,https://www.uzpharm-control.uz/en/pages/state-register-of-medicines-and-medical-products,2026-09-01
4,DV/X-DEMO-2004,2021-01-18,amalda,https://www.uzpharm-control.uz/en/pages/state-register-of-medicines-and-medical-products,2026-09-01
5,DV/X-DEMO-2005,2020-01-11,amalda,https://www.uzpharm-control.uz/en/pages/state-register-of-medicines-and-medical-products,2026-09-01
6,DV/X-DEMO-2006,2022-07-11,amalda,https://www.uzpharm-control.uz/en/pages/state-register-of-medicines-and-medical-products,2026-09-01
7,DV/X-DEMO-2007,2020-02-18,amalda,https://www.uzpharm-control.uz/en/pages/state-register-of-medicines-and-medical-products,2026-09-01
8,DV/X-DEMO-2008,2022-01-19,amalda,https://www.uzpharm-control.uz/en/pages/state-register-of-medicines-and-medical-products,2026-09-01
9,DV/X-DEMO-2009,2019-04-19,amalda,https://www.uzpharm-control.uz/en/pages/state-register-of-medicines-and-medical-products,2026-09-01
10,DV/X-DEMO-2010,2019-07-10,amalda,https://www.uzpharm-control.uz/en/pages/state-register-of-medicines-and-medical-products,2026-09-01
11,DV/X-DEMO-2011,2020-01-18,amalda,https://www.uzpharm-control.uz/en/pages/state-register-of-medicines-and-medical-products,2026-09-01
12,DV/X-DEMO-2012,2025-03-14,amalda,https://www.uzpharm-control.uz/en/pages/state-register-of-medicines-and-medical-products,2026-09-01
13,DV/X-DEMO-2013,2022-03-18,amalda,https://www.uzpharm-control.uz/en/pages/state-register-of-medicines-and-medical-products,2026-09-01
14,DV/X-DEMO-2014,2019-05-18,amalda,https://www.uzpharm-control.uz/en/pages/state-register-of-medicines-and-medical-products,2026-09-01
15,DV/X-DEMO-2015,2025-03-11,amalda,https://www.uzpharm-control.uz/en/pages/state-register-of-medicines-and-medical-products,2026-09-01
16,DV/X-DEMO-2016,2023-04-15,amalda,https://www.uzpharm-control.uz/en/pages/state-register-of-medicines-and-medical-products,2026-09-01
17,DV/X-DEMO-2017,2019-09-11,amalda,https://www.uzpharm-control.uz/en/pages/state-register-of-medicines-and-medical-products,2026-09-01
18,DV/X-DEMO-2018,2023-01-19,amalda,https://www.uzpharm-control.uz/en/pages/state-register-of-medicines-and-medical-products,2026-09-01
19,DV/X-DEMO-2019,2020-08-18,amalda,https://www.uzpharm-control.uz/en/pages/state-register-of-medicines-and-medical-products,2026-09-01
20,DV/X-DEMO-2020,2022-06-17,amalda,https://www.uzpharm-control.uz/en/pages/state-register-of-medicines-and-medical-products,2026-09-01
21,DV/X-DEMO-2021,2023-08-15,amalda,https://www.uzpharm-control.uz/en/pages/state-register-of-medicines-and-medical-products,2026-09-01
22,DV/X-DEMO-2022,2021-04-12,amalda,https://www.uzpharm-control.uz/en/pages/state-register-of-medicines-and-medical-products,2026-09-01
23,DV/X-DEMO-2023,2024-04-11,amalda,https://www.uzpharm-control.uz/en/pages/state-register-of-medicines-and-medical-products,2026-09-01
24,DV/X-DEMO-2024,2023-05-18,amalda,https://www.uzpharm-control.uz/en/pages/state-register-of-medicines-and-medical-products,2026-09-01
25,DV/X-DEMO-2025,2022-06-17,amalda,https://www.uzpharm-control.uz/en/pages/state-register-of-medicines-and-medical-products,2026-09-01
26,DV/X-DEMO-2026,2021-02-11,amalda,https://www.uzpharm-control.uz/en/pages/state-register-of-medicines-and-medical-products,2026-09-01
27,DV/X-DEMO-2027,2023-07-12,amalda,https://www.uzpharm-control.uz/en/pages/state-register-of-medicines-and-medical-products,2026-09-01
28,DV/X-DEMO-2028,2025-06-12,amalda,https://www.uzpharm-control.uz/en/pages/state-register-of-medicines-and-medical-products,2026-09-01
29,DV/X-DEMO-2029,2022-07-10,amalda,https://www.uzpharm-control.uz/en/pages/state-register-of-medicines-and-medical-products,2026-09-01
30,DV/X-DEMO-2030,2024-02-18,amalda,https://www.uzpharm-control.uz/en/pages/state-register-of-medicines-and-medical-products,2026-09-01
31,DV/X-DEMO-2031,2023-05-12,amalda,https://www.uzpharm-control.uz/en/pages/state-register-of-medicines-and-medical-products,2026-09-01
32,DV/X-DEMO-2032,2023-05-12,amalda,https://www.uzpharm-control.uz/en/pages/state-register-of-medicines-and-medical-products,2026-09-01
